,Category
Andy Bernard,Main_Characters
Angela Martin,Main_Characters
Clark Green,Main_Characters
Creed Bratton,Main_Characters
Darryl Philbin,Main_Characters
Dwight Schrute,Main_Characters
Erin Hannon,Main_Characters
Gabe Lewis,Main_Characters
Jan Levinson,Main_Characters
Jim Halpert,Main_Characters
Karen Filippelli,Main_Characters
Kelly Kapoor,Main_Characters
Kevin Malone,Main_Characters
Meredith Palmer,Main_Characters
Michael Scott,Main_Characters
Nellie Bertram,Main_Characters
Oscar Martinez,Main_Characters
Pam Beesly,Main_Characters
Pete Miller,Main_Characters
Phyllis Vance,Main_Characters
Robert California,Main_Characters
Roy Anderson,Main_Characters
Ryan Howard,Main_Characters
Stanley Hudson,Main_Characters
Toby Flenderson,Main_Characters
Background Warehouse Employees,Warehouse_worker
Bruce,Warehouse_worker
Frank,Warehouse_worker
Gideon,Warehouse_worker
Glenn (Warehouse Worker),Warehouse_worker
Hidetoshi Hasagawa,Warehouse_worker
Jerry DiCanio,Warehouse_worker
Lonny Collins,Warehouse_worker
Madge Madsen,Warehouse_worker
Matt,Warehouse_worker
Michael (Warehouse Worker),Warehouse_worker
Nate Nickerson,Warehouse_worker
Philip,Warehouse_worker
Unnamed Warehouse Workers,Warehouse_worker
Val Johnson,Warehouse_worker
Alan Brand,Former_employees
Catherine,Former_employees
Cathy Simms,Former_employees
Charles Miner,Former_employees
Craig,Former_employees
Dan Gore,Former_employees
Deangelo Vickers,Former_employees
Debbie Brown,Former_employees
Ed Truck,Former_employees
Eric,Former_employees
Hannah Smoterich-Barr,Former_employees
Harry Jannerone,Former_employees
Henry Rostin,Former_employees
Holly Flax,Former_employees
Hunter Raymond,Former_employees
Jo Bennett,Former_employees
Jordan Garfield,Former_employees
Josh Porter,Former_employees
Louanne Kelley,Former_employees
Martin Nash,Former_employees
Maurie,Former_employees
Megan,Former_employees
Nick,Former_employees
Randall,Former_employees
Robert Mifflin,Former_employees
Ronni,Former_employees
Sadiq,Former_employees
Todd Packer,Former_employees
Tom Peets,Former_employees
Tony Gardner,Former_employees
Dunder Mifflin Stamford Background Employees,Background_employees
Dunder Mifflin Utica Background Employees,Background_employees
Pilot Employees,Background_employees
Scranton Business,Background_employees
Abby,Family_members
Astrid Levinson,Family_members
Aunt Carol,Family_members
Aunt Shirley,Family_members
Bandit,Family_members
Barbara Keevis,Family_members
Bert California,Family_members
Betsy Halpert,Family_members
Cecelia Halpert,Family_members
Drake Howard,Family_members
Elbert Lapin,Family_members
Eldred,Family_members
Ellen Bernard,Family_members
Erasmus Schrute,Family_members
Fannie Schrute,Family_members
Gunther Schrute,Family_members
Gwyneth Philbin,Family_members
Helene Beesly,Family_members
Jada Philbin,Family_members
Jake Palmer,Family_members
Jeb Schrute,Family_members
Kenny Anderson,Family_members
Kevin's Sister,Family_members
Larisa Halpert,Family_members
Luke Cooper,Family_members
Melissa Hudson,Family_members
Mose Schrute,Family_members
Mr. Flax,Family_members
Mrs. Flax,Family_members
Penny Beesly,Family_members
Pete Halpert,Family_members
Phillip Halpert,Family_members
Phyllis' Sister,Family_members
Rachel Wallace,Family_members
Reed,Family_members
Rory Flenderson,Family_members
Sasha Flenderson,Family_members
Sprinkles,Family_members
Stacy,Family_members
Susan California,Family_members
Sylvia,Family_members
Teddy Wallace,Family_members
Tom Halpert,Family_members
Uncle Lucas,Family_members
Walter Bernard Jr.,Family_members
Walter Bernard Sr.,Family_members
William Beesly,Family_members
Zeke Schrute,Family_members
Blind Guy McSqueezy,Characters_of_Michael_Scott
Characters of Michael Scott,Characters_of_Michael_Scott
Date Mike,Characters_of_Michael_Scott
Michael Klump,Characters_of_Michael_Scott
Michael Scarn,Characters_of_Michael_Scott
Michael the Magic,Characters_of_Michael_Scott
Mykonos,Characters_of_Michael_Scott
Orville Tootenbacher,Characters_of_Michael_Scott
Ping,Characters_of_Michael_Scott
Prison Mike,Characters_of_Michael_Scott
Urkel Grue,Characters_of_Michael_Scott
Belsnickel,Characters_of_Dwight_Schrute
Jacques Souvenier,Characters_of_Dwight_Schrute
Lloyd Gross,Characters_of_Dwight_Schrute
Michael Scotch,Characters_of_Dwight_Schrute
Recyclops,Characters_of_Dwight_Schrute
Samuel L. Chang,Characters_of_Dwight_Schrute
Schrute-Space,Characters_of_Dwight_Schrute
Sith Lord,Characters_of_Dwight_Schrute
Billy the Bartender,Threat_Level_Midnight_Characters
Catherine Zeta-Scarn,Threat_Level_Midnight_Characters
Cherokee Jack,Threat_Level_Midnight_Characters
Goldenface,Threat_Level_Midnight_Characters
Jasmine Windsong,Threat_Level_Midnight_Characters
President Jackson,Threat_Level_Midnight_Characters
The Gypsy,The_3rd_Floor_Characters
The Killer,The_3rd_Floor_Characters
Deborah Shoshlefski,Deceased_characters
Angela's cats,Animals
Comstock,Animals
Dead Bird,Animals
Dwight's Goat,Animals
Garbage,Animals
Princess Lady,Animals
Professor Damon D. Duck,Animals
Ruby,Animals
The Bat,Animals
Abner Schrute,Unseen_Characters
Arnie,Unseen_Characters
Eldred Schrute,Unseen_Characters
Harvey Schrute,Unseen_Characters
Ivan Shotsky,Unseen_Characters
Mr. R. Gould,Unseen_Characters
Nick Carbone,Unseen_Characters
Stephanie,Unseen_Characters
Steve,Unseen_Characters
Steve Nash,Unseen_Characters
Teresa,Unseen_Characters
Unnamed Paintball Circumciser,Unseen_Characters
Unnamed White Male,Unseen_Characters
Voiced Characters,Unseen_Characters
William M. Buttlicker,Unseen_Characters
Background Employees,Unnamed
Cameraman,Unnamed
Finger Lakes Guy,Unnamed
Tracy Fleeb,Unnamed
Unnamed energy drink company,Unnamed
Brenda Matlowe,Dunder_Mifflin_employees
Dakota,Dunder_Mifflin_employees
Danny Cordray,Dunder_Mifflin_employees
David Wallace,Dunder_Mifflin_employees
Devon White,Dunder_Mifflin_employees
Diane Kelly,Dunder_Mifflin_employees
Grace,Dunder_Mifflin_employees
Hank Doyle,Dunder_Mifflin_employees
Jocelyn,Dunder_Mifflin_employees
Kendall,Dunder_Mifflin_employees
List of IT guys,Dunder_Mifflin_employees
Malcolm,Dunder_Mifflin_employees
"Mark ""Baldy""",Dunder_Mifflin_employees
Mr. O'Malley,Dunder_Mifflin_employees
Polly,Dunder_Mifflin_employees
Robert Dunder,Dunder_Mifflin_employees
Rolando,Dunder_Mifflin_employees
The Crazy Snakes,Dunder_Mifflin_employees
Troy Underbridge,Dunder_Mifflin_employees
Unnamed Female Asian,Dunder_Mifflin_employees
